INSERT INTO town (TOWN_NAME, TOWN_CAT) VALUES ('ANG MO KIO', '0');
INSERT INTO town (TOWN_NAME, TOWN_CAT) VALUES ('BEDOK', '1');
INSERT INTO town (TOWN_NAME, TOWN_CAT) VALUES ('BISHAN', '2');
INSERT INTO town (TOWN_NAME, TOWN_CAT) VALUES ('BUKIT BATOK', '3');
INSERT INTO town (TOWN_NAME, TOWN_CAT) VALUES ('BUKIT MERAH', '4');
INSERT INTO town (TOWN_NAME, TOWN_CAT) VALUES ('BUKIT PANJANG', '5');
INSERT INTO town (TOWN_NAME, TOWN_CAT) VALUES ('BUKIT TIMAH', '6');
INSERT INTO town (TOWN_NAME, TOWN_CAT) VALUES ('CENTRAL AREA', '7');
INSERT INTO town (TOWN_NAME, TOWN_CAT) VALUES ('CHOA CHU KANG', '8');
INSERT INTO town (TOWN_NAME, TOWN_CAT) VALUES ('CLEMENTI', '9');
INSERT INTO town (TOWN_NAME, TOWN_CAT) VALUES ('GEYLANG', '10');
INSERT INTO town (TOWN_NAME, TOWN_CAT) VALUES ('HOUGANG', '11');
INSERT INTO town (TOWN_NAME, TOWN_CAT) VALUES ('JURONG EAST', '12');
INSERT INTO town (TOWN_NAME, TOWN_CAT) VALUES ('JURONG WEST', '13');
INSERT INTO town (TOWN_NAME, TOWN_CAT) VALUES ('KALLANG/WHAMPOA', '14');
INSERT INTO town (TOWN_NAME, TOWN_CAT) VALUES ('MARINE PARADE', '15');
INSERT INTO town (TOWN_NAME, TOWN_CAT) VALUES ('PASIR RIS', '16');
INSERT INTO town (TOWN_NAME, TOWN_CAT) VALUES ('PUNGGOL', '17');
INSERT INTO town (TOWN_NAME, TOWN_CAT) VALUES ('QUEENSTOWN', '18');
INSERT INTO town (TOWN_NAME, TOWN_CAT) VALUES ('SEMBAWANG', '19');
INSERT INTO town (TOWN_NAME, TOWN_CAT) VALUES ('SENGKANG', '20');
INSERT INTO town (TOWN_NAME, TOWN_CAT) VALUES ('SERANGOON', '21');
INSERT INTO town (TOWN_NAME, TOWN_CAT) VALUES ('TAMPINES', '22');
INSERT INTO town (TOWN_NAME, TOWN_CAT) VALUES ('TOA PAYOH', '23');
INSERT INTO town (TOWN_NAME, TOWN_CAT) VALUES ('WOODLANDS', '24');
INSERT INTO town (TOWN_NAME, TOWN_CAT) VALUES ('YISHUN', '25');

INSERT INTO flat_model (FLAT_MODEL_NAME, FLAT_MODEL_CAT) VALUES ('2-room','0');
INSERT INTO flat_model (FLAT_MODEL_NAME, FLAT_MODEL_CAT) VALUES ('3Gen','1');
INSERT INTO flat_model (FLAT_MODEL_NAME, FLAT_MODEL_CAT) VALUES ('Adjoined flat','2');
INSERT INTO flat_model (FLAT_MODEL_NAME, FLAT_MODEL_CAT) VALUES ('Apartment','3');
INSERT INTO flat_model (FLAT_MODEL_NAME, FLAT_MODEL_CAT) VALUES ('DBSS','4');
INSERT INTO flat_model (FLAT_MODEL_NAME, FLAT_MODEL_CAT) VALUES ('Improved','5');
INSERT INTO flat_model (FLAT_MODEL_NAME, FLAT_MODEL_CAT) VALUES ('Improved-Maisonette','6');
INSERT INTO flat_model (FLAT_MODEL_NAME, FLAT_MODEL_CAT) VALUES ('Maisonette','7');
INSERT INTO flat_model (FLAT_MODEL_NAME, FLAT_MODEL_CAT) VALUES ('Model A','8');
INSERT INTO flat_model (FLAT_MODEL_NAME, FLAT_MODEL_CAT) VALUES ('Model A-Maisonette','9');
INSERT INTO flat_model (FLAT_MODEL_NAME, FLAT_MODEL_CAT) VALUES ('Model A2','10');
INSERT INTO flat_model (FLAT_MODEL_NAME, FLAT_MODEL_CAT) VALUES ('Multi Generation','11');
INSERT INTO flat_model (FLAT_MODEL_NAME, FLAT_MODEL_CAT) VALUES ('New Generation','12');
INSERT INTO flat_model (FLAT_MODEL_NAME, FLAT_MODEL_CAT) VALUES ('Premium Apartment','13');
INSERT INTO flat_model (FLAT_MODEL_NAME, FLAT_MODEL_CAT) VALUES ('Premium Apartment Loft','14');
INSERT INTO flat_model (FLAT_MODEL_NAME, FLAT_MODEL_CAT) VALUES ('Premium Maisonette','15');
INSERT INTO flat_model (FLAT_MODEL_NAME, FLAT_MODEL_CAT) VALUES ('Simplified','16');
INSERT INTO flat_model (FLAT_MODEL_NAME, FLAT_MODEL_CAT) VALUES ('Standard','17');
INSERT INTO flat_model (FLAT_MODEL_NAME, FLAT_MODEL_CAT) VALUES ('Terrace','18');
INSERT INTO flat_model (FLAT_MODEL_NAME, FLAT_MODEL_CAT) VALUES ('Type S1','19');
INSERT INTO flat_model (FLAT_MODEL_NAME, FLAT_MODEL_CAT) VALUES ('Type S2','20');

INSERT INTO flat_type (FLAT_TYPE_NAME, FLAT_TYPE_CAT) VALUES ('1 ROOM','0');
INSERT INTO flat_type (FLAT_TYPE_NAME, FLAT_TYPE_CAT) VALUES ('2 ROOM','1');
INSERT INTO flat_type (FLAT_TYPE_NAME, FLAT_TYPE_CAT) VALUES ('3 ROOM','2');
INSERT INTO flat_type (FLAT_TYPE_NAME, FLAT_TYPE_CAT) VALUES ('4 ROOM','3');
INSERT INTO flat_type (FLAT_TYPE_NAME, FLAT_TYPE_CAT) VALUES ('5 ROOM','4');
INSERT INTO flat_type (FLAT_TYPE_NAME, FLAT_TYPE_CAT) VALUES ('EXECUTIVE','5');
INSERT INTO flat_type (FLAT_TYPE_NAME, FLAT_TYPE_CAT) VALUES ('MULTI-GENERATION','6');

INSERT INTO planning_area (PLANNING_AREA,TOWN_TOWN_NAME) VALUES ('MARINA EAST','CENTRAL AREA');
INSERT INTO planning_area (PLANNING_AREA,TOWN_TOWN_NAME) VALUES ('MARINA SOUTH','CENTRAL AREA');
INSERT INTO planning_area (PLANNING_AREA,TOWN_TOWN_NAME) VALUES ('NEWTON','CENTRAL AREA');
INSERT INTO planning_area (PLANNING_AREA,TOWN_TOWN_NAME) VALUES ('ORCHARD','CENTRAL AREA');
INSERT INTO planning_area (PLANNING_AREA,TOWN_TOWN_NAME) VALUES ('OUTRAM','CENTRAL AREA');
INSERT INTO planning_area (PLANNING_AREA,TOWN_TOWN_NAME) VALUES ('RIVER VALLEY','CENTRAL AREA');
INSERT INTO planning_area (PLANNING_AREA,TOWN_TOWN_NAME) VALUES ('ROCHOR','CENTRAL AREA');
INSERT INTO planning_area (PLANNING_AREA,TOWN_TOWN_NAME) VALUES ('SINGAPORE RIVER','CENTRAL AREA');
INSERT INTO planning_area (PLANNING_AREA,TOWN_TOWN_NAME) VALUES ('ANG MO KIO','ANG MO KIO');
INSERT INTO planning_area (PLANNING_AREA,TOWN_TOWN_NAME) VALUES ('BEDOK','BEDOK');
INSERT INTO planning_area (PLANNING_AREA,TOWN_TOWN_NAME) VALUES ('BISHAN','BISHAN');
INSERT INTO planning_area (PLANNING_AREA,TOWN_TOWN_NAME) VALUES ('BUKIT BATOK','BUKIT BATOK');
INSERT INTO planning_area (PLANNING_AREA,TOWN_TOWN_NAME) VALUES ('BUKIT MERAH','BUKIT MERAH');
INSERT INTO planning_area (PLANNING_AREA,TOWN_TOWN_NAME) VALUES ('BUKIT PANJANG','BUKIT PANJANG');
INSERT INTO planning_area (PLANNING_AREA,TOWN_TOWN_NAME) VALUES ('BUKIT TIMAH','BUKIT TIMAH');
INSERT INTO planning_area (PLANNING_AREA,TOWN_TOWN_NAME) VALUES ('CENTRAL AREA','CENTRAL AREA');
INSERT INTO planning_area (PLANNING_AREA,TOWN_TOWN_NAME) VALUES ('CHOA CHU KANG','CHOA CHU KANG');
INSERT INTO planning_area (PLANNING_AREA,TOWN_TOWN_NAME) VALUES ('CLEMENTI','CLEMENTI');
INSERT INTO planning_area (PLANNING_AREA,TOWN_TOWN_NAME) VALUES ('GEYLANG','GEYLANG');
INSERT INTO planning_area (PLANNING_AREA,TOWN_TOWN_NAME) VALUES ('HOUGANG','HOUGANG');
INSERT INTO planning_area (PLANNING_AREA,TOWN_TOWN_NAME) VALUES ('JURONG EAST','JURONG EAST');
INSERT INTO planning_area (PLANNING_AREA,TOWN_TOWN_NAME) VALUES ('JURONG WEST','JURONG WEST');
INSERT INTO planning_area (PLANNING_AREA,TOWN_TOWN_NAME) VALUES ('KALLANG/WHAMPOA','KALLANG/WHAMPOA');
INSERT INTO planning_area (PLANNING_AREA,TOWN_TOWN_NAME) VALUES ('MARINE PARADE','MARINE PARADE');
INSERT INTO planning_area (PLANNING_AREA,TOWN_TOWN_NAME) VALUES ('PASIR RIS','PASIR RIS');
INSERT INTO planning_area (PLANNING_AREA,TOWN_TOWN_NAME) VALUES ('PUNGGOL','PUNGGOL');
INSERT INTO planning_area (PLANNING_AREA,TOWN_TOWN_NAME) VALUES ('QUEENSTOWN','QUEENSTOWN');
INSERT INTO planning_area (PLANNING_AREA,TOWN_TOWN_NAME) VALUES ('SEMBAWANG','SEMBAWANG');
INSERT INTO planning_area (PLANNING_AREA,TOWN_TOWN_NAME) VALUES ('SENGKANG','SENGKANG');
INSERT INTO planning_area (PLANNING_AREA,TOWN_TOWN_NAME) VALUES ('SERANGOON','SERANGOON');
INSERT INTO planning_area (PLANNING_AREA,TOWN_TOWN_NAME) VALUES ('TAMPINES','TAMPINES');
INSERT INTO planning_area (PLANNING_AREA,TOWN_TOWN_NAME) VALUES ('TOA PAYOH','TOA PAYOH');
INSERT INTO planning_area (PLANNING_AREA,TOWN_TOWN_NAME) VALUES ('WOODLANDS','WOODLANDS');
INSERT INTO planning_area (PLANNING_AREA,TOWN_TOWN_NAME) VALUES ('YISHUN','YISHUN');

INSERT INTO role(NAME) VALUES ('CUSTOMER');
INSERT INTO role(NAME) VALUES ('ADMIN');


INSERT INTO user(user_id,first_name,last_name,password_hash,phone,username,date_create) VALUES
('a67ca356-5cc3-46fc-a9e4-2f3824eba303','May','Lim','$2a$10$5pQ2z9y2RGqx.MU0zHAwV.ZqRG/LkVkisuOjsj89VSqOshpneMBRK','77812011','maylim@mytestmail.com','2022-07-01 16:54:03');
INSERT INTO user(user_id,first_name,last_name,password_hash,phone,username,date_create) VALUES
('281c2ade-e028-4670-a076-9eb6d157802f','John','Neo','$2a$10$5pQ2z9y2RGqx.MU0zHAwV.ZqRG/LkVkisuOjsj89VSqOshpneMBRK','78901111','johnneo@mytestmail.com','2022-07-03 11:22:34');
INSERT INTO user(user_id,first_name,last_name,password_hash,phone,username,date_create) VALUES
('0ca6b10b-28cf-4325-9d5c-0d0ac8b3f38a','Richard','Pua','$2a$10$5pQ2z9y2RGqx.MU0zHAwV.ZqRG/LkVkisuOjsj89VSqOshpneMBRK','79133201','richardpua@mytestmail.com','2022-06-29 12:21:11');
INSERT INTO user(user_id,first_name,last_name,password_hash,phone,username,date_create) VALUES
('5f9a13c7-064d-4e66-9d8e-1a7cb9277925','Troy','Barn','$2a$10$5pQ2z9y2RGqx.MU0zHAwV.ZqRG/LkVkisuOjsj89VSqOshpneMBRK','79120122','troybarn4@gmail.com','2022-07-22 18:51:26');
INSERT INTO user(user_id,first_name,last_name,password_hash,phone,username,date_create) VALUES
('d28537af-d10f-4a8c-9b01-fb0068e4acd2','Abed','Nadir','$2a$10$5pQ2z9y2RGqx.MU0zHAwV.ZqRG/LkVkisuOjsj89VSqOshpneMBRK','73622149','abednad4@gmail.com','2022-07-14 21:45:29');


INSERT INTO customer(customer_id,account_active,notification,user_user_id) VALUES ('656cd8d6-4e1a-4884-9b6f-42fdd0e04b38',1,0,'a67ca356-5cc3-46fc-a9e4-2f3824eba303');
INSERT INTO customer(CUSTOMER_ID, ACCOUNT_ACTIVE, NOTIFICATION, USER_USER_ID) VALUES ('c9694d28-7775-47aa-920c-c7a493c97d58',1,0,'281c2ade-e028-4670-a076-9eb6d157802f');
INSERT INTO customer(CUSTOMER_ID, ACCOUNT_ACTIVE, NOTIFICATION, USER_USER_ID) VALUES ('fa3a39a1-607f-412b-b611-93b19c62f2d3',1,0,'0ca6b10b-28cf-4325-9d5c-0d0ac8b3f38a');
INSERT INTO customer(CUSTOMER_ID, ACCOUNT_ACTIVE, NOTIFICATION, USER_USER_ID) VALUES ('00c56929-a5a9-4338-9835-a01b53147ccd',1,1,'5f9a13c7-064d-4e66-9d8e-1a7cb9277925');
INSERT INTO customer(CUSTOMER_ID, ACCOUNT_ACTIVE, NOTIFICATION, USER_USER_ID) VALUES ('c879c021-501b-4edf-a526-a7e14431f481',1,1,'d28537af-d10f-4a8c-9b01-fb0068e4acd2');


INSERT INTO user_roles(user_user_id,roles_name) VALUES ('281c2ade-e028-4670-a076-9eb6d157802f','CUSTOMER');
INSERT INTO user_roles(user_user_id,roles_name) VALUES ('a67ca356-5cc3-46fc-a9e4-2f3824eba303','CUSTOMER');
INSERT INTO user_roles(USER_USER_ID,ROLES_NAME) VALUES('0ca6b10b-28cf-4325-9d5c-0d0ac8b3f38a','CUSTOMER');
INSERT INTO user_roles(USER_USER_ID,ROLES_NAME) VALUES('5f9a13c7-064d-4e66-9d8e-1a7cb9277925','CUSTOMER');
INSERT INTO user_roles(USER_USER_ID,ROLES_NAME) VALUES('d28537af-d10f-4a8c-9b01-fb0068e4acd2','CUSTOMER');


INSERT INTO property (PROPERTY_ID, FLAT_MODEL, FLAT_TYPE, FLOOR_AREA, LEASE_YEAR, PRICE, PROPERTY_DESC, PROPERTY_NAME, customer_CUSTOMER_ID, BLOCK, POSTAL_CODE, STOREY, STREET_NAME, TOWN, UNIT) VALUES ('281c2ade-e028-4670-a076-9eb6d157802f', 'Model A','4 ROOM', 90, '2003', 650000, 'FLAT NEAR MRT', 'PASIR RIS FLAT', 'c9694d28-7775-47aa-920c-c7a493c97d58', '530A', '511530', 5, 'PASIR RIS DR 1', 'PASIR RIS', '#05-19'); 
INSERT INTO property (PROPERTY_ID, FLAT_MODEL, FLAT_TYPE, FLOOR_AREA, LEASE_YEAR, PRICE, PROPERTY_DESC, PROPERTY_NAME, customer_CUSTOMER_ID, BLOCK, POSTAL_CODE, STOREY, STREET_NAME, TOWN, UNIT) VALUES ('ff11ab2c-6885-4ba3-aa5f-b2d2b1fed9ee', 'Model A2','3 ROOM', 60, '1990', 400000, 'FLAT WITH NEARBY FACILITIES', 'TAMPINES FLAT', '656cd8d6-4e1a-4884-9b6f-42fdd0e04b38', '862', '520862', 8, 'TAMPINES STREET 83', 'TAMPINES', '#08-08'); 
INSERT INTO property (PROPERTY_ID, FLAT_MODEL, FLAT_TYPE, FLOOR_AREA, LEASE_YEAR, PRICE, PROPERTY_DESC, PROPERTY_NAME, customer_CUSTOMER_ID, BLOCK, POSTAL_CODE, STOREY, STREET_NAME, TOWN, UNIT) VALUES ('9eae37e3-f799-4fd1-a82d-edcabe4ca08e', 'Improved','5 ROOM', 120, '1988', 650000, 'SHORT WALK FROM SEMEI MRT. NEAR COMMUNITY CENTER', 'FLAT IN SIMEI', 'c9694d28-7775-47aa-920c-c7a493c97d58', '151', '520151', 5, 'SEMEI ST 1', 'TAMPINES', '#02-166'); 
INSERT INTO property (PROPERTY_ID, FLAT_MODEL, FLAT_TYPE, FLOOR_AREA, LEASE_YEAR, PRICE, PROPERTY_DESC, PROPERTY_NAME, customer_CUSTOMER_ID, BLOCK, POSTAL_CODE, STOREY, STREET_NAME, TOWN, UNIT) VALUES ('32f53b95-21f5-4859-abf0-ce5c842763d6', 'New Generation','3 ROOM', 66, '1983', 340000, 'NEAR AMENATIES AND PARK CONNECTOR', 'HOUGANG HOME', 'fa3a39a1-607f-412b-b611-93b19c62f2d3', '317', '530317', 9, 'HOUGANG AVE 7', 'HOUGANG', '#09-255');
INSERT INTO property (PROPERTY_ID, FLAT_MODEL, FLAT_TYPE, FLOOR_AREA, LEASE_YEAR, PRICE, PROPERTY_DESC, PROPERTY_NAME, customer_CUSTOMER_ID, BLOCK, POSTAL_CODE, STOREY, STREET_NAME, TOWN, UNIT) VALUES ('ae74e771-e9d5-43fa-ace1-a41263f63c7b', 'Premium Apartment','5 ROOM', 110, '2004', 490000, 'COZY HOME IN NORTH. 1 BUS STOP FROM ADMIRITY STATION', 'WOODLANDS ADMIRITY HOME', '00c56929-a5a9-4338-9835-a01b53147ccd', '688B', '732688', 15, 'WOODLANDS DRIVE 75', 'WOODLANDS', '#15-075');
INSERT INTO property (PROPERTY_ID, FLAT_MODEL, FLAT_TYPE, FLOOR_AREA, LEASE_YEAR, PRICE, PROPERTY_DESC, PROPERTY_NAME, customer_CUSTOMER_ID, BLOCK, POSTAL_CODE, STOREY, STREET_NAME, TOWN, UNIT) VALUES ('05d51117-c7d0-4d6d-a8fa-310dc511f5c0', 'Model A', '4 ROOM', 95, '2001', 640000, 'BEAUTIFUL FLAT IN QUAINT ANG MO KIO', 'ANG MO KIO BEAUTIFUL FLAT', '656cd8d6-4e1a-4884-9b6f-42fdd0e04b38', '352', '560352', 10, 'ANG MO KIO STREET', 'ANG MO KIO','#10-533');
INSERT INTO property (PROPERTY_ID, FLAT_MODEL, FLAT_TYPE, FLOOR_AREA, LEASE_YEAR, PRICE, PROPERTY_DESC, PROPERTY_NAME, customer_CUSTOMER_ID, BLOCK, POSTAL_CODE, STOREY, STREET_NAME, TOWN, UNIT) VALUES ('ac527eaf-2879-44bb-8efb-bb2b014251a6', 'Model A', '4 ROOM', 90, '1986', 808000, 'BEAUTIFUL RIVER VIEW', 'BEDOK FLAT RIVER VIEW', '00c56929-a5a9-4338-9835-a01b53147ccd', '130', '470130', 4, 'BEDOK RESERVOIR ROAD', 'BEDOK', '#04-10');
INSERT INTO property (PROPERTY_ID, FLAT_MODEL, FLAT_TYPE, FLOOR_AREA, LEASE_YEAR, PRICE, PROPERTY_DESC, PROPERTY_NAME, customer_CUSTOMER_ID, BLOCK, POSTAL_CODE, STOREY, STREET_NAME, TOWN, UNIT) VALUES ('5f1d1312-e6c7-40f2-a1d6-58fe62a9a0d1', '2-room', '2 ROOM', 45, '1970', 338000, 'GREAT FOR UNIVERSITY STUDENTS. NEAR NUS AND SIT', 'CLEMENTI WEST HOME', 'c9694d28-7775-47aa-920c-c7a493c97d58', '607', '120607', 20, 'CLEMENTI WEST STREET 1', 'CLEMENTI', '#20-05');
INSERT INTO property (PROPERTY_ID, FLAT_MODEL, FLAT_TYPE, FLOOR_AREA, LEASE_YEAR, PRICE, PROPERTY_DESC, PROPERTY_NAME, customer_CUSTOMER_ID, BLOCK, POSTAL_CODE, STOREY, STREET_NAME, TOWN, UNIT) VALUES ('893af762-1c80-43e5-83fb-2e9be2c22915', 'Model A2', '3 ROOM', 65,	'2003', 979000, 'AFFORDABLE GHIM MOH FLAT NEAR MRT STATION', 'GHIM MOH UNIQUE FLAT', 'c9694d28-7775-47aa-920c-c7a493c97d58', '30', '272030', 3,	'GHIM MOH LINK', 'QUEENSTOWN','#03-544');
INSERT INTO property (PROPERTY_ID, FLAT_MODEL, FLAT_TYPE, FLOOR_AREA, LEASE_YEAR, PRICE, PROPERTY_DESC, PROPERTY_NAME, customer_CUSTOMER_ID, BLOCK, POSTAL_CODE, STOREY, STREET_NAME, TOWN, UNIT) VALUES ('7b559a03-8e40-4014-a7ec-1845e15941be', '2-room', '2 ROOM', 45, '1994', 370000, 'NEWLY RENOVATED AND NEAR MRT', 'CLEMENTI AVE 4 NEW HDB', '00c56929-a5a9-4338-9835-a01b53147ccd', '309', '120309', 26, 'CLEMENTI AVE 4', 'CLEMENTI', '#26-129');
INSERT INTO property (PROPERTY_ID, FLAT_MODEL, FLAT_TYPE, FLOOR_AREA, LEASE_YEAR, PRICE, PROPERTY_DESC, PROPERTY_NAME, customer_CUSTOMER_ID, BLOCK, POSTAL_CODE, STOREY, STREET_NAME, TOWN, UNIT) VALUES ('1a32c590-2cf2-4534-bf6b-2234d34f8985', 'DBSS', '4 ROOM', 90, '2008', 898000, 'FLAT IN TOH GUAN NEAR POLYCLINIC AND REPUTABLE SCHOOLS', 'TOH GUAN FLAT', '656cd8d6-4e1a-4884-9b6f-42fdd0e04b38', '286C', '603286', 18, 'TOH GUAN ROAD', 'JURONG EAST', '#18-34');
INSERT INTO property (PROPERTY_ID, FLAT_MODEL, FLAT_TYPE, FLOOR_AREA, LEASE_YEAR, PRICE, PROPERTY_DESC, PROPERTY_NAME, customer_CUSTOMER_ID, BLOCK, POSTAL_CODE, STOREY, STREET_NAME, TOWN, UNIT) VALUES ('c3430d0f-6961-4e66-b7bc-46c41199a077', 'DBSS', '4 ROOM', 95,	'1998', 680000, 'PASIR RIS FLAT GOOD DEAL',	'PASIR RIS FLAT', 'c9694d28-7775-47aa-920c-c7a493c97d58', '195', '510195', 3, 'PASIR RIS STREET 12', 'PASIR RIS', '#03-120');
INSERT INTO property (PROPERTY_ID, FLAT_MODEL, FLAT_TYPE, FLOOR_AREA, LEASE_YEAR, PRICE, PROPERTY_DESC, PROPERTY_NAME, customer_CUSTOMER_ID, BLOCK, POSTAL_CODE, STOREY, STREET_NAME, TOWN, UNIT) VALUES ('43fb53a1-1633-4510-a1ed-f52b6fe50ce3', 'MODEL A', '4 ROOM', 100, '2017', 950000, 'WATERFRONT VIEW GOOD LOCATION', 'TELOK BLANGAH FLAT', 'c9694d28-7775-47aa-920c-c7a493c97d58', '90B', '102090', 9, 'TELOK BLANGAH STREET 31', 'BUKIT MERAH', '#09-463');
INSERT INTO property (PROPERTY_ID, FLAT_MODEL, FLAT_TYPE, FLOOR_AREA, LEASE_YEAR, PRICE, PROPERTY_DESC, PROPERTY_NAME, customer_CUSTOMER_ID, BLOCK, POSTAL_CODE, STOREY, STREET_NAME, TOWN, UNIT) VALUES ('c01956b5-16a4-479e-8dfc-5e2de144af35', 'Apartment', '3 ROOM', 60, '1989', 519000, 'QUIET FLAT IN ADMIRALTY NEAR BUS STOP AND SCHOOLS', 'QUIET ADMIRALTY FLAT NEAR AMENITIES', '00c56929-a5a9-4338-9835-a01b53147ccd', '357',	'750357', 12, 'ADMIRALTY DRIVE', 'SEMBAWANG' ,'#12-37');
INSERT INTO property (PROPERTY_ID, FLAT_MODEL, FLAT_TYPE, FLOOR_AREA, LEASE_YEAR, PRICE, PROPERTY_DESC, PROPERTY_NAME, customer_CUSTOMER_ID, BLOCK, POSTAL_CODE, STOREY, STREET_NAME, TOWN, UNIT) VALUES ('3b6707c4-9ca2-4862-9571-26b396206a13', 'Apartment', '3 ROOM', 60, '1979', 550000, 'UNRIVALLED CITY VIEW', 'BEST YISHUN HOME', 'c879c021-501b-4edf-a526-a7e14431f481', '630', '760630', 40, 'YISHUN STREET 61', 'YISHUN', '#40-123');

INSERT INTO property_image(IMAGE_ID, IMAGE_FILE_NAME, IMAGE_PATH, MAIN_IMG, PROPERTY_PROPERTY_ID) VALUES ('f10d719a-d28a-4c6f-b2f9-5cb5476e7452','PasirRisDrive1.jpg', 'propertyimages/PasirRisDrive1_f10d719a-d28a-4c6f-b2f9-5cb5476e7452.jpg',1,'281c2ade-e028-4670-a076-9eb6d157802f');
INSERT INTO property_image(IMAGE_ID, IMAGE_FILE_NAME, IMAGE_PATH, MAIN_IMG, PROPERTY_PROPERTY_ID) VALUES ('a5bae8e4-d65c-4f2b-aec9-5404857ccce0','PasirRisDrRd.jpg', 'propertyimages/PasirRisDrRd_a5bae8e4-d65c-4f2b-aec9-5404857ccce0.jpg',0,'281c2ade-e028-4670-a076-9eb6d157802f');
INSERT INTO property_image(IMAGE_ID, IMAGE_FILE_NAME, IMAGE_PATH, MAIN_IMG, PROPERTY_PROPERTY_ID) VALUES ('8d64955a-09e7-4918-a6ea-5243ccbfdf68','PasirRisfacil.jpg', 'propertyimages/PasirRisfacil_8d64955a-09e7-4918-a6ea-5243ccbfdf68.jpg',0,'281c2ade-e028-4670-a076-9eb6d157802f');
INSERT INTO property_image(IMAGE_ID, IMAGE_FILE_NAME, IMAGE_PATH, MAIN_IMG, PROPERTY_PROPERTY_ID) VALUES ('ea247f31-99a0-42f4-86a2-b539899fc28f','Simeiblkpic.jpg', 'propertyimages/Simeiblkpic_ea247f31-99a0-42f4-86a2-b539899fc28f.jpg',1,'9eae37e3-f799-4fd1-a82d-edcabe4ca08e');
INSERT INTO property_image(IMAGE_ID, IMAGE_FILE_NAME, IMAGE_PATH, MAIN_IMG, PROPERTY_PROPERTY_ID) VALUES ('521a15b2-f26c-4a6d-b715-b9e939a7591f','hougangflat.jpg', 'propertyimages/hougangflat_521a15b2-f26c-4a6d-b715-b9e939a7591f.jpg',1,'32f53b95-21f5-4859-abf0-ce5c842763d6');
INSERT INTO property_image(IMAGE_ID, IMAGE_FILE_NAME, IMAGE_PATH, MAIN_IMG, PROPERTY_PROPERTY_ID) VALUES ('1ef043aa-07ce-424e-81f1-c718fad3c896','parkconnectorhg.jpg', 'propertyimages/parkconnectorhg_1ef043aa-07ce-424e-81f1-c718fad3c896.jpg',0,'32f53b95-21f5-4859-abf0-ce5c842763d6');
INSERT INTO property_image(IMAGE_ID, IMAGE_FILE_NAME, IMAGE_PATH, MAIN_IMG, PROPERTY_PROPERTY_ID) VALUES ('904270f6-776e-4d99-bef2-66314121cb57','woodlandOuter.jpg', 'propertyimages/woodlandOuter_904270f6-776e-4d99-bef2-66314121cb57.jpg',1,'ae74e771-e9d5-43fa-ace1-a41263f63c7b');
INSERT INTO property_image(IMAGE_ID, IMAGE_FILE_NAME, IMAGE_PATH, MAIN_IMG, PROPERTY_PROPERTY_ID) VALUES ('5dec3cf5-f769-4b48-ad76-0f083b8088d7','woodlandplaygrd.jpg', 'propertyimages/woodlandplaygrd_5dec3cf5-f769-4b48-ad76-0f083b8088d7.jpg',0,'ae74e771-e9d5-43fa-ace1-a41263f63c7b');
INSERT INTO property_image(IMAGE_ID, IMAGE_FILE_NAME, IMAGE_PATH, MAIN_IMG, PROPERTY_PROPERTY_ID) VALUES ('c275e8ad-7859-4095-8711-456d5c0d187b', '352-Ang-Mo-Kio-Street-32-Ang-Mo-Kio-Bishan-Thomson-Singapore.jpg', 'propertyimages/352-Ang-Mo-Kio-Street-32-Ang-Mo-Kio-Bishan-Thomson-Singapore_c275e8ad-7859-4095-8711-456d5c0d187b.jpg', 1, '05d51117-c7d0-4d6d-a8fa-310dc511f5c0');
INSERT INTO property_image(IMAGE_ID, IMAGE_FILE_NAME, IMAGE_PATH, MAIN_IMG, PROPERTY_PROPERTY_ID) VALUES ('ed1caa22-f171-4c79-9cf2-495a43092ed9', '130-Bedok-Reservoir-Road-Bedok-Upper-East-Coast-Singapore.jpg', 'propertyimages/130-Bedok-Reservoir-Road-Bedok-Upper-East-Coast-Singapore_ed1caa22-f171-4c79-9cf2-495a43092ed9.jpg', 1, 'ac527eaf-2879-44bb-8efb-bb2b014251a6');
INSERT INTO property_image(IMAGE_ID, IMAGE_FILE_NAME, IMAGE_PATH, MAIN_IMG, PROPERTY_PROPERTY_ID) VALUES ('fe56553a-4a0f-47cc-ab9d-bf30964a99ff', '607-Clementi-West-Street-1-Buona-Vista-West-Coast-Clementi-New-Town-Singapore.jpg', 'propertyimages/607-Clementi-West-Street-1-Buona-Vista-West-Coast-Clementi-New-Town-Singapore_fe56553a-4a0f-47cc-ab9d-bf30964a99ff.jpg', 1, '5f1d1312-e6c7-40f2-a1d6-58fe62a9a0d1');
INSERT INTO property_image(IMAGE_ID, IMAGE_FILE_NAME, IMAGE_PATH, MAIN_IMG, PROPERTY_PROPERTY_ID) VALUES ('8dec9eb9-5845-491e-bbd7-ec86aa08fcb7', '30-Ghim-Moh-Edge-Tanglin-Holland-Bukit-Timah-Singapore.jpg', 'propertyimages/30-Ghim-Moh-Edge-Tanglin-Holland-Bukit-Timah-Singapore_8dec9eb9-5845-491e-bbd7-ec86aa08fcb7.jpg', 1, '893af762-1c80-43e5-83fb-2e9be2c22915');
INSERT INTO property_image(IMAGE_ID, IMAGE_FILE_NAME, IMAGE_PATH, MAIN_IMG, PROPERTY_PROPERTY_ID) VALUES ('a5bb625b-f075-4a70-9ea7-aa9cc798e5d8', '309-Clementi-Avenue-4-Buona-Vista-West-Coast-Clementi-New-Town-Singapore.jpg', 'propertyimages/309-Clementi-Avenue-4-Buona-Vista-West-Coast-Clementi-New-Town-Singapore_a5bb625b-f075-4a70-9ea7-aa9cc798e5d8.jpg', 1, '7b559a03-8e40-4014-a7ec-1845e15941be');
INSERT INTO property_image(IMAGE_ID, IMAGE_FILE_NAME, IMAGE_PATH, MAIN_IMG, PROPERTY_PROPERTY_ID) VALUES ('ef041e7f-c76c-4488-9f9a-cae067fd7370', '286C-Toh-Guan-Road-Boon-Lay-Jurong-Tuas-Singapore.jpg', 'propertyimages/286C-Toh-Guan-Road-Boon-Lay-Jurong-Tuas-Singapore_ef041e7f-c76c-4488-9f9a-cae067fd7370.jpg', 1, '1a32c590-2cf2-4534-bf6b-2234d34f8985');
INSERT INTO property_image(IMAGE_ID, IMAGE_FILE_NAME, IMAGE_PATH, MAIN_IMG, PROPERTY_PROPERTY_ID) VALUES ('dc685d3b-3c0e-48c7-996b-a8c9f0c2c83b', '195-Pasir-Ris-Street-12-Pasir-Ris-Tampines-Singapore.jpg', 'propertyimages/195-Pasir-Ris-Street-12-Pasir-Ris-Tampines-Singapore_dc685d3b-3c0e-48c7-996b-a8c9f0c2c83b.jpg', 1, 'c3430d0f-6961-4e66-b7bc-46c41199a077');
INSERT INTO property_image(IMAGE_ID, IMAGE_FILE_NAME, IMAGE_PATH, MAIN_IMG, PROPERTY_PROPERTY_ID) VALUES ('366190ee-daa0-47be-bdf9-e5624591d9fb', '90B-Telok-Blangah-Street-31-Harbourfront-Telok-Blangah-Singapore.jpg', 'propertyimages/90B-Telok-Blangah-Street-31-Harbourfront-Telok-Blangah-Singapore_366190ee-daa0-47be-bdf9-e5624591d9fb.jpg', 1, '43fb53a1-1633-4510-a1ed-f52b6fe50ce3');
INSERT INTO property_image(IMAGE_ID, IMAGE_FILE_NAME, IMAGE_PATH, MAIN_IMG, PROPERTY_PROPERTY_ID) VALUES ('36785b45-890e-49f7-ab90-0c0198eafee9', '357-Admiralty-Drive-Sembawang-Yishun-Singapore.jpg', 'propertyimages/357-Admiralty-Drive-Sembawang-Yishun-Singapore_36785b45-890e-49f7-ab90-0c0198eafee9.jpg', 1, 'c01956b5-16a4-479e-8dfc-5e2de144af35');
INSERT INTO property_image(IMAGE_ID, IMAGE_FILE_NAME, IMAGE_PATH, MAIN_IMG, PROPERTY_PROPERTY_ID) VALUES ('8bfbaf2b-5c07-4268-ab15-78b085e3e079', '630-Yishun-Street-61-Sembawang-Yishun-Singapore.jpg', 'propertyimages/630-Yishun-Street-61-Sembawang-Yishun-Singapore_8bfbaf2b-5c07-4268-ab15-78b085e3e079.jpg', 1, '3b6707c4-9ca2-4862-9571-26b396206a13');


INSERT INTO monitor_item(MONITOR_ID, CUSTOMER_CUSTOMER_ID, PROPERTY_PROPERTY_ID)VALUES('8cfe397a-a40e-42b4-8126-40613ea9e7de','c9694d28-7775-47aa-920c-c7a493c97d58','32f53b95-21f5-4859-abf0-ce5c842763d6');

INSERT INTO news (NEWS_ID, CAT_BTO, CAT_EC, CAT_FINANCE, CAT_RESALE, DATE, SOURCE, TITLE, URL) VALUES ('27dc3383-dbf7-4fb7-9f97-c5cf3c09201a', 0, 0, 0, 1, '2022-08-05', 'AsiaOne', 'First million-dollar flats sold in Bukit Batok and Marine Parade in July 2022', 'https://www.asiaone.com/money/first-million-dollar-flats-sold-bukit-batok-and-marine-parade-july-2022');
INSERT INTO news (NEWS_ID, CAT_BTO, CAT_EC, CAT_FINANCE, CAT_RESALE, DATE, SOURCE, TITLE, URL) VALUES ('aff14095-d3df-4c05-a491-6ce727e92cff', 0, 0, 0, 1, '2022-08-04', 'The Straits Times', 'HDB flat resale prices climb for 25th straight month; Queenstown resale flat sold for record $1418000', 'https://www.straitstimes.com/singapore/housing/hdb-flat-resale-prices-climb-for-25th-straight-month-in-july-with-33-million-dollar-units-sold');
INSERT INTO news (NEWS_ID, CAT_BTO, CAT_EC, CAT_FINANCE, CAT_RESALE, DATE, SOURCE, TITLE, URL) VALUES ('0a97e8e5-3834-49a4-bcc1-189bded17645', 0, 0, 0, 1, '2022-08-02', 'Yahoo Singapore News', 'No Agent, No Problem: How This Couple Bought Their First Home On Their Own', 'https://sg.news.yahoo.com/no-agent-no-problem-couple-000909567.html');
INSERT INTO news (NEWS_ID, CAT_BTO, CAT_EC, CAT_FINANCE, CAT_RESALE, DATE, SOURCE, TITLE, URL) VALUES ('a3bb566a-b8e9-4fd9-9bd9-fbebb290a2fd', 0, 0, 1, 1, '2022-08-02', 'PropertyGuru Singapore', 'Over 7200 BTO flats completed in 1H 2022, up 15% from previous year, Singapore, New York register highest rental growth in 1H 2022 and more', 'https://www.propertyguru.com.sg/property-management-news/2022/8/205689/over-7200-bto-flats-completed-in-1h-2022-up-15-from-previous-year-singapore-new-york-register-highest-rental-growth-in-1h-2022-and-more');
INSERT INTO news (NEWS_ID, CAT_BTO, CAT_EC, CAT_FINANCE, CAT_RESALE, DATE, SOURCE, TITLE, URL) VALUES ('6578ae5b-bc56-46a6-a583-24629634f408', 1, 0, 0, 0, '2022-08-02', 'Yahoo Singapore News', 'August 2022 Ang Mo Kio HDB BTO: What’s the estimated price for the 3Gen flats?', 'https://sg.news.yahoo.com/august-2022-ang-mo-kio-064455429.html');


INSERT INTO user(user_id,first_name,last_name,password_hash,phone,username,date_create) VALUES
('7b13170d-a595-4a7a-a006-efd9a743a2a4','Nyi','Khaing','$2a$10$5pQ2z9y2RGqx.MU0zHAwV.ZqRG/LkVkisuOjsj89VSqOshpneMBRK','12228888','nyikhaing@mytestmail.com','2022-06-25 00:00:00');
INSERT INTO user(user_id,first_name,last_name,password_hash,phone,username,date_create) VALUES
('9c936df7-a177-40c0-8a93-a17fa00bdcd6','Bao Jin','Lee','$2a$10$5pQ2z9y2RGqx.MU0zHAwV.ZqRG/LkVkisuOjsj89VSqOshpneMBRK','16110211','leebaojin@mytestmail.com','2022-06-25 00:00:00');

INSERT INTO administrator(admin_id,account_active,user_user_id) VALUES ('b1198703-656e-42a2-ba49-8d327470ad53',true,'7b13170d-a595-4a7a-a006-efd9a743a2a4');
INSERT INTO administrator(admin_id,account_active,user_user_id) VALUES ('6bc39f38-4ec9-4b20-9197-23bce95bcfa7',true,'9c936df7-a177-40c0-8a93-a17fa00bdcd6');


INSERT INTO user_roles(user_user_id,roles_name) VALUES ('7b13170d-a595-4a7a-a006-efd9a743a2a4','ADMIN');
INSERT INTO user_roles(user_user_id,roles_name) VALUES ('9c936df7-a177-40c0-8a93-a17fa00bdcd6','ADMIN');



INSERT INTO visitor ( ip_address, visited_on) VALUES ( '192.168.1.72', '2021-09-12');
INSERT INTO visitor ( ip_address, visited_on) VALUES ( '192.168.1.71', '2021-09-12');
INSERT INTO visitor ( ip_address, visited_on) VALUES ( '192.168.1.50', '2021-09-12');
INSERT INTO visitor ( ip_address, visited_on) VALUES ( '192.168.1.51', '2021-09-12');
INSERT INTO visitor ( ip_address, visited_on) VALUES ( '192.168.1.52', '2021-09-12');
INSERT INTO visitor ( ip_address, visited_on) VALUES ( '192.168.1.66', '2021-09-12');
INSERT INTO visitor ( ip_address, visited_on) VALUES ( '192.168.1.67', '2021-09-12');

INSERT INTO visitor ( ip_address, visited_on) VALUES ( '192.168.1.72', '2022-08-12');
INSERT INTO visitor ( ip_address, visited_on) VALUES ( '192.168.1.71', '2022-08-12');
INSERT INTO visitor ( ip_address, visited_on) VALUES ( '192.168.1.50', '2022-08-12');
INSERT INTO visitor ( ip_address, visited_on) VALUES ( '192.168.1.51', '2022-08-12');
INSERT INTO visitor ( ip_address, visited_on) VALUES ( '192.168.1.52', '2022-08-12');
INSERT INTO visitor ( ip_address, visited_on) VALUES ( '192.168.1.66', '2022-08-12');
INSERT INTO visitor ( ip_address, visited_on) VALUES ( '192.168.1.67', '2022-08-12');

INSERT INTO visitor ( ip_address, visited_on) VALUES ( '192.168.1.72', '2022-07-12');
INSERT INTO visitor ( ip_address, visited_on) VALUES ( '192.168.1.71', '2022-07-12');
INSERT INTO visitor ( ip_address, visited_on) VALUES ( '192.168.1.50', '2022-07-12');
INSERT INTO visitor ( ip_address, visited_on) VALUES ( '192.168.1.51', '2022-07-12');
INSERT INTO visitor ( ip_address, visited_on) VALUES ( '192.168.1.52', '2022-07-12');
INSERT INTO visitor ( ip_address, visited_on) VALUES ( '192.168.1.66', '2022-07-12');
INSERT INTO visitor ( ip_address, visited_on) VALUES ( '192.168.1.67', '2022-07-12');

INSERT INTO visitor ( ip_address, visited_on) VALUES ( '192.168.1.66', '2022-08-09');
INSERT INTO visitor ( ip_address, visited_on) VALUES ( '192.168.1.67', '2022-08-09');
INSERT INTO visitor ( ip_address, visited_on) VALUES ( '192.168.1.68', '2022-08-09');
INSERT INTO visitor ( ip_address, visited_on) VALUES ( '192.168.1.69', '2022-08-09');
INSERT INTO visitor ( ip_address, visited_on) VALUES ( '192.168.1.65', '2022-08-09');

INSERT INTO visitor ( ip_address, visited_on) VALUES ( '192.168.1.66', '2022-08-10');
INSERT INTO visitor ( ip_address, visited_on) VALUES ( '192.168.1.67', '2022-08-10');
INSERT INTO visitor ( ip_address, visited_on) VALUES ( '192.168.1.68', '2022-08-10');
INSERT INTO visitor ( ip_address, visited_on) VALUES ( '192.168.1.69', '2022-08-10');

INSERT INTO visitor ( ip_address, visited_on) VALUES ( '192.168.1.66', '2022-08-11');
INSERT INTO visitor ( ip_address, visited_on) VALUES ( '192.168.1.67', '2022-08-11');
INSERT INTO visitor ( ip_address, visited_on) VALUES ( '192.168.1.68', '2022-08-11');
INSERT INTO visitor ( ip_address, visited_on) VALUES ( '192.168.1.69', '2022-08-11');
INSERT INTO visitor ( ip_address, visited_on) VALUES ( '192.168.1.70', '2022-08-11');
INSERT INTO visitor ( ip_address, visited_on) VALUES ( '192.168.1.71', '2022-08-11');

INSERT INTO visitor ( ip_address, visited_on) VALUES ( '192.168.1.66', '2022-08-12');
INSERT INTO visitor ( ip_address, visited_on) VALUES ( '192.168.1.67', '2022-08-12');

INSERT INTO visitor ( ip_address, visited_on) VALUES ( '192.168.1.72', '2022-08-13');
INSERT INTO visitor ( ip_address, visited_on) VALUES ( '192.168.1.71', '2022-08-13');
INSERT INTO visitor ( ip_address, visited_on) VALUES ( '192.168.1.50', '2022-08-13');
INSERT INTO visitor ( ip_address, visited_on) VALUES ( '192.168.1.51', '2022-08-13');
INSERT INTO visitor ( ip_address, visited_on) VALUES ( '192.168.1.52', '2022-08-13');
INSERT INTO visitor ( ip_address, visited_on) VALUES ( '192.168.1.66', '2022-08-13');
INSERT INTO visitor ( ip_address, visited_on) VALUES ( '192.168.1.67', '2022-08-13');
INSERT INTO visitor ( ip_address, visited_on) VALUES ( '192.168.1.12', '2022-08-13');
INSERT INTO visitor ( ip_address, visited_on) VALUES ( '192.168.1.13', '2022-08-13');
INSERT INTO visitor ( ip_address, visited_on) VALUES ( '192.168.1.14', '2022-08-13');

INSERT INTO visitor ( ip_address, visited_on) VALUES ( '192.168.1.61', '2022-08-14');

INSERT INTO visitor ( ip_address, visited_on) VALUES ( '192.168.1.67', '2022-08-15');
INSERT INTO visitor ( ip_address, visited_on) VALUES ( '192.168.1.51', '2022-08-15');
INSERT INTO visitor ( ip_address, visited_on) VALUES ( '192.168.1.29', '2022-08-16');
INSERT INTO visitor ( ip_address, visited_on) VALUES ( '192.168.1.82', '2022-08-16');
INSERT INTO visitor ( ip_address, visited_on) VALUES ( '192.168.1.77', '2022-08-16');

INSERT INTO property_tracker ( date, property_activity) VALUES ( '2022-08-16', 'CREATE');
INSERT INTO property_tracker ( date, property_activity) VALUES ( '2022-08-16', 'CREATE');
INSERT INTO property_tracker ( date, property_activity) VALUES ( '2022-08-16', 'CREATE');
INSERT INTO property_tracker ( date, property_activity) VALUES ( '2022-08-16', 'CREATE');
INSERT INTO property_tracker ( date, property_activity) VALUES ( '2022-08-14', 'CREATE');
INSERT INTO property_tracker ( date, property_activity) VALUES ( '2022-08-14', 'CREATE');
INSERT INTO property_tracker ( date, property_activity) VALUES ( '2022-08-12', 'CREATE');
INSERT INTO property_tracker ( date, property_activity) VALUES ( '2022-08-12', 'CREATE');

INSERT INTO property_tracker ( date, property_activity) VALUES ( '2022-08-11', 'CREATE');
INSERT INTO property_tracker ( date, property_activity) VALUES ( '2022-08-10', 'CREATE');
INSERT INTO property_tracker ( date, property_activity) VALUES ( '2022-08-10', 'CREATE');
INSERT INTO property_tracker ( date, property_activity) VALUES ( '2022-08-10', 'CREATE');
INSERT INTO property_tracker ( date, property_activity) VALUES ( '2022-08-16', 'DELETE');
INSERT INTO property_tracker ( date, property_activity) VALUES ( '2022-08-14', 'DELETE');
INSERT INTO property_tracker ( date, property_activity) VALUES ( '2022-08-13', 'DELETE');
INSERT INTO property_tracker ( date, property_activity) VALUES ( '2022-08-13', 'DELETE');
INSERT INTO property_tracker ( date, property_activity) VALUES ( '2022-08-13', 'DELETE');
INSERT INTO property_tracker ( date, property_activity) VALUES ( '2022-08-12', 'DELETE');

INSERT INTO property_tracker ( date, property_activity) VALUES ( '2022-08-10', 'DELETE');
INSERT INTO property_tracker ( date, property_activity) VALUES ( '2022-08-10', 'DELETE');
INSERT INTO property_tracker ( date, property_activity) VALUES ( '2022-08-10', 'DELETE');
